INSERT INTO USER VALUES('sojul', 'Juliano', 'Nguyen', 10, '2018-07-01');
INSERT INTO USER VALUES('hype123', 'John', 'Smith', 9, '2018-07-03');
INSERT INTO USER VALUES('misterlee', 'Christian', 'Lee', 11, '2018-07-02');

INSERT INTO COMPANY VALUES('Adidas', 'Herzogenaurach', 'Germany', '1949');
INSERT INTO COMPANY VALUES('Nike', 'Beaverton', 'Oregon', '1964');
INSERT INTO COMPANY VALUES('Puma', 'Herzogenaurach', 'Germany', '1948');

INSERT INTO WEBSITE VALUES(1, 'www.adidas.com', 'Adidas');
INSERT INTO WEBSITE VALUES(2, 'www.nike.com', 'Nike');
INSERT INTO WEBSITE VALUES(3, 'www.puma.com', 'Puma');

INSERT INTO SHOE VALUES('F36980', 'Yeezy Boost 350 V2 Butter' ,'2018-06-30', 220.00, 'Adidas', 1);
INSERT INTO SHOE VALUES('CP9654', 'Yeezy Boost 350 V2 Zebra' ,'2017-02-25', 220.00, 'Adidas', 1);
INSERT INTO SHOE VALUES('F36640', 'Yeezy 500 Utility Black' ,'2018-07-07', 200.00, 'Adidas', 1);
INSERT INTO SHOE VALUES('AQ0818-148', 'Jordan 1 Retro High Off-White University Blue' ,'2018-06-23', 190.00, 'Nike', 2);
INSERT INTO SHOE VALUES('308497-406', 'Jordan 4 Retro Travis Scott Cactus Jack' ,'2018-06-09', 225.00, 'Nike', 2);
INSERT INTO SHOE VALUES('555088-610', 'Jordan 1 Retro High Bred Toe' ,'2018-02-24', 160.00, 'Nike', 2);
INSERT INTO SHOE VALUES('854262-001', 'Jordan 3 Retro Black Cement (2018)' ,'2018-02-17', 200.00, 'Nike', 2);
INSERT INTO SHOE VALUES('AQ0067-011', 'Nike Epic React Flyknit Cookies & Cream' ,'2018-07-12', 150.00, 'Nike', 2);

INSERT INTO REVIEW VALUES(1, '2018-07-01', 4, 'comfortable shoes ever', 'CP9654', 'sojul');

INSERT INTO RESELLS VALUES('hype123', 'AQ0818-148', 955.00);

INSERT INTO PURCHASES VALUES('sojul', 'CP9654', '2017-02-25');
INSERT INTO PURCHASES VALUES('hype123', 'AQ0818-148', '2018-06-23');

INSERT INTO SHOE_COLOR VALUES('F36980', 'BUTTER/BUTTER/BUTTER');
INSERT INTO SHOE_COLOR VALUES('CP9654', 'WHITE/CORE BLACK/RED');
INSERT INTO SHOE_COLOR VALUES('F36640', 'UTILITY BLACK/UTILITY BLACK/UTILITY BLACK');
INSERT INTO SHOE_COLOR VALUES('AQ0818-148', 'WHITE/DARK POWDER BLUE-CONE');
INSERT INTO SHOE_COLOR VALUES('308497-406', 'University Blue/Varsity Red/Black');
INSERT INTO SHOE_COLOR VALUES('555088-610', 'GYM RED/BLACK-SUMMIT WHITE');
INSERT INTO SHOE_COLOR VALUES('854262-001', 'Black/Cement Grey/White/Fire Red');
INSERT INTO SHOE_COLOR VALUES('AQ0067-011', 'BLACK/BLACK-WHITE');

INSERT INTO SHOE VALUES('AQ1090-001', 'Nike React Element 87 Anthracite Black' ,'2018-07-13', 160.00, 'Nike', 2);
INSERT INTO SHOE_COLOR VALUES('AQ1090-001', 'ANTHRACITE/BLACK-WHITE');
INSERT INTO PURCHASES VALUES('hype123', 'AQ1090-001', '2018-07-13');
INSERT INTO RESELLS VALUES('hype123', 'AQ1090-001', 293.00);
INSERT INTO PURCHASES VALUES('misterlee', 'AQ1090-001', '2018-07-13');
INSERT INTO RESELLS VALUES('misterlee', 'AQ1090-001', 278.00);


INSERT INTO SHOE VALUES('AQ1090-100', 'Nike React Element 87 Sail Light Bone' ,'2018-07-13', 160.00, 'Nike', 2);
INSERT INTO SHOE_COLOR VALUES('AQ1090-100', 'Sail/Light Bone/White/Rush Orange/Black');
INSERT INTO PURCHASES VALUES('misterlee', 'AQ1090-100', '2018-07-13');
INSERT INTO RESELLS VALUES('misterlee', 'AQ1090-100', 400.00);

INSERT INTO SHOE VALUES('B37616', 'adidas YUNG-1' , NULL , 120.00, 'Adidas', 1);
INSERT INTO SHOE_COLOR VALUES('B37616', 'N/A');

INSERT INTO SHOE VALUES('AA3830-002', 'Off-White x Nike Presto' , '2018-07-27' , 160.00, 'Nike', 2);
INSERT INTO SHOE_COLOR VALUES('AA3830-002', 'Black/White-Cone');

INSERT INTO SHOE VALUES('AA3830-100', 'Off-White x Nike Presto' , '2018-08-03' , 160.00, 'Nike', 2);
INSERT INTO SHOE_COLOR VALUES('AA3830-100', 'White/White-Cone');

INSERT INTO SHOE VALUES('AQ0899', 'adidas NMD R1 Primeknit' , '2018-08-01' , 140.00, 'Adidas', 1);
INSERT INTO SHOE_COLOR VALUES('AQ0899', 'Sesame/Sesame/Off White');

INSERT INTO SHOE VALUES('F99710', 'Yeezy Boost 350 V2' , NULL , 220.00, 'Adidas', 1);
INSERT INTO SHOE_COLOR VALUES('F99710', 'Sesame/Sesame/Sesame');

INSERT INTO SHOE VALUES('AR5406-600', 'Nike Air VaporMax 2.0 Flyknit' , '2018-07-19' , 190.00, 'Nike', 2);
INSERT INTO SHOE_COLOR VALUES('AR5406-600', 'Red orbit/Obsidian/Total Orange');

INSERT INTO SHOE VALUES('AT3057-100', 'Parra x Nike Air Max 1' , '2018-07-21' , 150.00, 'Nike', 2);
INSERT INTO SHOE_COLOR VALUES('AT3057-100', 'White/Pure Platinum');

INSERT INTO SHOE VALUES('AV4744-100', 'Parra x Nike Zoom Spiridon' , '2018-07-21' , 140.00, 'Nike', 2);
INSERT INTO SHOE_COLOR VALUES('AV4744-100', 'White/Multi-Color');

INSERT INTO SHOE VALUES('G28182', 'Pharrell Williams x adidas Crazy BYW LVL 1' , '2018-07-13' , 250.00, 'Adidas', 1);
INSERT INTO SHOE_COLOR VALUES('G28182', 'Core Black/Cloud White/Solar Pink');

INSERT INTO SHOE VALUES('G28183', 'Pharrell Williams x adidas Crazy BYW LVL 1' , '2018-07-13' , 250.00, 'Adidas', 1);
INSERT INTO SHOE_COLOR VALUES('G28183', 'Chalk Pink/Cloud White/Core Black');

INSERT INTO SHOE VALUES('BB9252', 'mita x adidas Stan Smith' , '2018-07-14' , 150.00, 'Adidas', 1);
INSERT INTO SHOE_COLOR VALUES('BB9252', 'Core Black/Core Black/FTWR White');

INSERT INTO SHOE VALUES('BC0333', 'mita x adidas NMD R1 STLT' , '2018-07-14' , 200.00, 'Adidas', 1);
INSERT INTO SHOE_COLOR VALUES('BC0333', 'Core Black/Core Black/FTWR White');

INSERT INTO SHOE VALUES('BB7666', 'adidas Sobakov' , '2018-07-21' , 140.00, 'Adidas', 1);
INSERT INTO SHOE_COLOR VALUES('BB7666', 'N/A');

INSERT INTO SHOE VALUES('AQ4160-108', 'Jordan Legacy 312 “Hot Lava”' , '2018-08-11' , 160.00, 'Nike', 2);
INSERT INTO SHOE_COLOR VALUES('AQ4160-108', 'White/Hot Lava/Black/Zen Grey');

INSERT INTO SHOE VALUES('AQ4160-140', 'Jordan Legacy 312 “Medicine Ball”' , '2018-08-11' , 160.00, 'Nike', 2);
INSERT INTO SHOE_COLOR VALUES('AQ4160-140', 'White/Midnight Navy/Ginger');

INSERT INTO SHOE VALUES('AQ4160-107', 'Jordan Legacy 312 “Command Force”' , '2018-08-11' , 160.00, 'Nike', 2);
INSERT INTO SHOE_COLOR VALUES('AQ4160-107', 'White/Black/Volt/Vivid Blue');

INSERT INTO SHOE VALUES('B37363', 'adidas POD s3.1' , '2018-08-02' , 130.00, 'Adidas', 1);
INSERT INTO SHOE_COLOR VALUES('B37363', 'N/A');

INSERT INTO SHOE VALUES('BB9527', 'Pharrell x adidas NMD Hu Tr' , '2018-08-18' , 250.00, 'Adidas', 1);
INSERT INTO SHOE_COLOR VALUES('BB9527', 'N/A');

INSERT INTO SHOE VALUES('BB9528', 'Pharrell x adidas NMD Hu Tr' , '2018-08-18' , 250.00, 'Adidas', 1);
INSERT INTO SHOE_COLOR VALUES('BB9528', 'N/A');

INSERT INTO SHOE VALUES('AH7006-002', 'Nike Vapormax Moc 2' , '2018-08-16' , 200.00, 'Nike', 2);
INSERT INTO SHOE_COLOR VALUES('AH7006-002', 'Black/Lt Cream-White-Thunder Grey');

INSERT INTO SHOE VALUES('AT8437-001', 'Nike Air Max 97 "Just Do It"' , '2018-08-01' , 170.00, 'Nike', 2);
INSERT INTO SHOE_COLOR VALUES('AT8437-001', 'Black/Total Orange/White');